时间,振幅,总手,金额,换手率,成交次数,,,,
"2018-11-23,五",0.0184 ,2012621 ,1126652920 ,0.16,3240 ,,,,
"2018-11-26,一",0.0147 ,1912019 ,1063536980 ,0.15,3271 ,,,,
"2018-11-27,二",0.0154 ,2023382 ,1112920630 ,0.16,3368 ,,,,
"2018-11-28,三",0.0250 ,2773793 ,1535544400 ,0.22,3850 ,,,,
"2018-11-29,四",0.0373 ,4506945 ,2524752300 ,0.36,4008 ,,,,
"2018-11-30,五",0.0288 ,4901046 ,2762808200 ,0.39,4216 ,,,,
"2018-12-03,一",0.0358 ,8341468 ,4964130100 ,0.66,4537 ,,,,
"2018-12-04,二",0.0154 ,3147388 ,1888148700 ,0.25,3908 ,,,,
"2018-12-05,三",0.0357 ,4158819 ,2523641800 ,0.33,4066 ,,,,
"2018-12-06,四",0.0256 ,3775807 ,2250440700 ,0.3,3998 ,,,,  
"2018-12-07,五",0.0239 ,2684167 ,1583970300 ,0.21,3734 ,,,,
"2018-12-10,一",0.0227 ,2464068 ,1427993200 ,0.2,3746 ,,,,
"2018-12-11,二",0.0165 ,1631660 ,949962160 ,0.13,3014 ,,,,
"2018-12-12,三",0.0110 ,1992154 ,1168089520 ,0.16,3377 ,,,,
"2018-12-13,四",0.0293 ,4039941 ,2427823200 ,0.32,4346 ,,,,
"2018-12-14,五",0.0130 ,2455448 ,1461585100 ,0.2,3626 ,,,,
"2018-12-17,一",0.0185 ,2489585 ,1466943000 ,0.2,3687 ,,,,
"2018-12-18,二",0.0111 ,1922218 ,1130221290 ,0.15,3496 ,,,,
"2018-12-19,三",0.0253 ,2571596 ,1501321300 ,0.2,3766 ,,,,
"2018-12-20,四",0.0218 ,2694098 ,1549600800 ,0.21,3819 ,,,,
"2018-12-21,五",0.0196 ,3064043 ,1736537300 ,0.24,3767 ,,,,
"2018-12-24,一",0.0228 ,1910986 ,1080787420 ,0.15,3209 ,,,,
"2018-12-25,二",0.0245 ,2659286 ,1490157600 ,0.21,3760 ,,,,
"2018-12-26,三",0.0184 ,1786620 ,1005617680 ,0.14,3294 ,,,,
"2018-12-27,四",0.0172 ,2949357 ,1670211300 ,0.23,3794 ,,,,
"2018-12-28,五",0.0647 ,6367837 ,3705150500 ,0.51,4335 ,,,,
"2019-01-02,三",0.0288 ,6228649 ,3754388000 ,0.5,4135 ,,,,
"2019-01-03,四",0.0265 ,3097735 ,1838179200 ,0.25,3855 ,,,,
"2019-01-04,五",0.0435 ,3768347 ,2258501500 ,0.3,4319 ,,,,
"2019-01-07,一",0.0162 ,3475013 ,2105981500 ,0.28,3980 ,,,,
"2019-01-08,二",0.0194 ,2883813 ,1750413200 ,0.23,3718 ,,,,
"2019-01-09,三",0.0283 ,4989227 ,3084214800 ,0.4,4235 ,,,,
"2019-01-10,四",0.0237 ,2904390 ,1797683100 ,0.23,3690 ,,,,
"2019-01-11,五",0.0295 ,3888421 ,2445929500 ,0.31,3878 ,,,,
"2019-01-14,一",0.0226 ,2564890 ,1606308100 ,0.2,3628 ,,,,
"2019-01-15,二",0.0584 ,5576485 ,3613919100 ,0.44,4280 ,,,,
"2019-01-16,三",0.0183 ,4208364 ,2775103900 ,0.34,4076 ,,,,
"2019-01-17,四",0.0210 ,3028476 ,2004454100 ,0.24,3848 ,,,,
"2019-01-18,五",0.0435 ,6860918 ,4647515800 ,0.55,4450 ,,,,
"2019-01-21,一",0.0249 ,4705193 ,3242615700 ,0.37,4142 ,,,,
"2019-01-22,二",0.0302 ,4212221 ,2834735000 ,0.34,4257 ,,,,
"2019-01-23,三",0.0169 ,3362481 ,2247371200 ,0.27,3633 ,,,,
"2019-01-24,四",0.0198 ,2915527 ,1960227100 ,0.23,3895 ,,,,
"2019-01-25,五",0.0223 ,2898635 ,1966232100 ,0.23,3789 ,,,,
"2019-01-28,一",0.0264 ,3610287 ,2476278000 ,0.29,4019 ,,,,
"2019-01-29,二",0.0295 ,3034259 ,2069407500 ,0.24,3607 ,,,,
"2019-01-30,三",0.0149 ,2269996 ,1545353600 ,0.18,3540 ,,,,
"2019-01-31,四",0.0178 ,3669657 ,2515375000 ,0.29,4028 ,,,,
"2019-02-01,五",0.0136 ,3052062 ,2121326100 ,0.24,3767 ,,,,
"2019-02-11,一",0.0597 ,5814075 ,4143849800 ,0.46,4418 ,,,,
"2019-02-12,二",0.0142 ,3509143 ,2521840100 ,0.28,4169 ,,,,
"2019-02-13,三",0.0264 ,3567706 ,2589623500 ,0.28,3986 ,,,,
"2019-02-14,四",0.0184 ,3225813 ,2375987100 ,0.26,4069 ,,,,
"2019-02-15,五",0.0161 ,2323798 ,1691515500 ,0.18,3703 ,,,,
"2019-02-18,一",0.0192 ,3774589 ,2787523000 ,0.3,3971 ,,,,
"2019-02-19,二",0.0214 ,2950150 ,2164408800 ,0.23,3804 ,,,,
"2019-02-20,三",0.0259 ,3788237 ,2742919600 ,0.3,4175 ,,,,
"2019-02-21,四",0.0187 ,2985040 ,2163554300 ,0.24,3869 ,,,,
"2019-02-22,五",0.0200 ,2590877 ,1867253900 ,0.21,3659 ,,,,
"2019-02-25,一",0.0364 ,8262259 ,6034261400 ,0.66,4433 ,,,,
"2019-02-26,二",0.0312 ,5796466 ,4265279100 ,0.46,4236 ,,,,
"2019-02-27,三",0.0371 ,6594227 ,4908445100 ,0.52,4393 ,,,,
"2019-02-28,四",0.0357 ,5698625 ,4289145200 ,0.45,4464 ,,,,
"2019-03-01,五",0.0384 ,6384023 ,4952509200 ,0.51,4161 ,,,,
"2019-03-04,一",0.0267 ,8458596 ,6661386600 ,0.67,4535 ,,,,
"2019-03-05,二",0.0175 ,4483056 ,3501155900 ,0.36,4098 ,,,,
"2019-03-06,三",0.0175 ,4673137 ,3602140500 ,0.37,4284 ,,,,
"2019-03-07,四",0.0217 ,6018053 ,4526351900 ,0.48,4381 ,,,,
"2019-03-08,五",0.0176 ,5227525 ,3868415500 ,0.42,4295 ,,,,
"2019-03-11,一",0.0365 ,5305724 ,4001728700 ,0.42,4210 ,,,,
"2019-03-12,二",0.0327 ,5251001 ,3946382100 ,0.42,4226 ,,,,
"2019-03-13,三",0.0205 ,4056136 ,3058080900 ,0.32,3981 ,,,,
"2019-03-14,四",0.0411 ,6217256 ,4808607700 ,0.49,4345 ,,,,
"2019-03-15,五",0.0291 ,5240071 ,4084798300 ,0.42,4244 ,,,,
"2019-03-18,一",0.0483 ,8131880 ,6499567000 ,0.65,4387 ,,,,
"2019-03-19,二",0.0193 ,4063493 ,3244967400 ,0.32,4029 ,,,,
"2019-03-20,三",0.0218 ,3111752 ,2470811100 ,0.25,3717 ,,,,
"2019-03-21,四",0.0143 ,3257328 ,2558222900 ,0.26,3608 ,,,,
"2019-03-22,五",0.0191 ,3051750 ,2420497800 ,0.24,3825 ,,,,
"2019-03-25,一",0.0185 ,3727046 ,2903744200 ,0.3,3936 ,,,,
"2019-03-26,二",0.0282 ,3759569 ,2914113000 ,0.3,4024 ,,,,
"2019-03-27,三",0.0244 ,4280739 ,3366132200 ,0.34,4125 ,,,,
"2019-03-28,四",0.0365 ,5756676 ,4615969700 ,0.46,4419 ,,,,
"2019-03-29,五",0.0453 ,9093396 ,7702154800 ,0.72,4601 ,,,,
"2019-04-01,一",0.0210 ,6093461 ,5228522000 ,0.49,4556 ,,,,
"2019-04-02,二",0.0279 ,5322705 ,4496538800 ,0.42,4421 ,,,,
"2019-04-03,三",0.0206 ,4305680 ,3629854300 ,0.34,4353 ,,,,
"2019-04-04,四",0.0351 ,5577236 ,4763897900 ,0.44,4441 ,,,,
"2019-04-08,一",0.0207 ,6625193 ,5944780600 ,0.53,4439 ,,,,
"2019-04-09,二",0.0174 ,4798980 ,4308645700 ,0.38,4192 ,,,,
"2019-04-10,三",0.0573 ,6781438 ,6331858700 ,0.54,4368 ,,,,
"2019-04-11,四",0.0469 ,6110254 ,5643817600 ,0.49,4482 ,,,,
"2019-04-12,五",0.0216 ,4861217 ,4419350000 ,0.39,4395 ,,,,
"2019-04-15,一",0.0350 ,4552264 ,4205548300 ,0.36,4224 ,,,,
"2019-04-16,二",0.0426 ,4642344 ,4297385200 ,0.37,4149 ,,,,
"2019-04-17,三",0.0325 ,4076102 ,3848216600 ,0.32,4162 ,,,,
"2019-04-18,四",0.0194 ,1959852 ,1853076100 ,0.16,3678 ,,,,
"2019-04-19,五",0.0313 ,3237978 ,3064971000 ,0.26,3923 ,,,,
"2019-04-22,一",0.0402 ,4062796 ,3897168700 ,0.32,3982 ,,,,
"2019-04-23,二",0.0337 ,4885205 ,4725480300 ,0.39,4307 ,,,,
"2019-04-24,三",0.0398 ,4522700 ,4383873100 ,0.36,4043 ,,,,
"2019-04-25,四",0.0235 ,3980134 ,3822767500 ,0.32,3944 ,,,,
"2019-04-26,五",0.0156 ,4327768 ,4119727300 ,0.34,4243 ,,,,
"2019-04-29,一",0.0571 ,5257230 ,5086408500 ,0.42,4379 ,,,,
"2019-04-30,二",0.0225 ,3594318 ,3503937500 ,0.29,3989 ,,,,
"2019-05-06,一",0.0431 ,13509968 ,12299395800 ,1.08,4703 ,,,,
"2019-05-07,二",0.0483 ,10083726 ,9045117800 ,0.8,4639 ,,,,
"2019-05-08,三",0.0470 ,8188298 ,7217709500 ,0.65,4473 ,,,,
"2019-05-09,四",0.0423 ,9154515 ,7863312100 ,0.73,4593 ,,,,
"2019-05-10,五",0.0496 ,7990738 ,7121198700 ,0.64,4497 ,,,,
"2019-05-13,一",0.0297 ,4663718 ,4179329400 ,0.37,4056 ,,,,
"2019-05-14,二",0.0370 ,5998312 ,5349455600 ,0.48,4477 ,,,,
"2019-05-15,三",0.0482 ,6312425 ,5778791800 ,0.5,4491 ,,,,
"2019-05-16,四",0.0291 ,4454012 ,4108282000 ,0.35,4176 ,,,,
"2019-05-17,五",0.0346 ,4984161 ,4551116800 ,0.4,4399 ,,,,
"2019-05-20,一",0.0320 ,4440799 ,3931645900 ,0.35,4207 ,,,,
"2019-05-21,二",0.0429 ,4238565 ,3791406200 ,0.34,4232 ,,,,
"2019-05-22,三",0.0268 ,3204158 ,2853872800 ,0.26,4086 ,,,,
"2019-05-23,四",0.0313 ,5805863 ,5062812300 ,0.46,4050 ,,,,
"2019-05-24,五",0.0239 ,4403409 ,3858962200 ,0.35,4061 ,,,,
"2019-05-27,一",0.0261 ,3916191 ,3417213700 ,0.31,4297 ,,,,
"2019-05-28,二",0.0369 ,7477277 ,6670856100 ,0.6,4475 ,,,,
"2019-05-29,三",0.0416 ,6564696 ,5963755400 ,0.52,4446 ,,,,
"2019-05-30,四",0.0315 ,4024720 ,3634187700 ,0.32,4200 ,,,,
"2019-05-31,五",0.0188 ,3579380 ,3211384900 ,0.28,4201 ,,,,
"2019-06-03,一",0.0169 ,3447924 ,3076922300 ,0.27,3995 ,,,,
"2019-06-04,二",0.0274 ,3968948 ,3481384300 ,0.32,4166 ,,,,
"2019-06-05,三",0.0186 ,3406736 ,2988114700 ,0.27,4153 ,,,,
"2019-06-06,四",0.0204 ,3478685 ,3009567800 ,0.28,3911 ,,,,
"2019-06-10,一",0.0452 ,5550246 ,4790052600 ,0.44,4214 ,,,,
"2019-06-11,二",0.0466 ,8010644 ,7209086900 ,0.64,4518 ,,,,
"2019-06-12,三",0.0187 ,3774740 ,3420899300 ,0.3,4066 ,,,,
"2019-06-13,四",0.0169 ,3291742 ,2984741700 ,0.26,3902 ,,,,
"2019-06-14,五",0.0245 ,4245504 ,3905679100 ,0.34,3962 ,,,,
"2019-06-17,一",0.0229 ,3276903 ,3001512200 ,0.26,3926 ,,,,
"2019-06-18,二",0.0191 ,2944138 ,2687679900 ,0.23,3689 ,,,,
"2019-06-19,三",0.0160 ,5372640 ,5051192600 ,0.43,4116 ,,,,
"2019-06-20,四",0.0465 ,6727197 ,6468666100 ,0.54,4550 ,,,,
"2019-06-21,五",0.0205 ,4592675 ,4482726900 ,0.37,4357 ,,,,
"2019-06-24,一",0.0253 ,4577920 ,4532527000 ,0.36,4214 ,,,,
"2019-06-25,二",0.0324 ,5129595 ,5035624400 ,0.41,4244 ,,,,
"2019-06-26,三",0.0140 ,2958818 ,2896585600 ,0.24,3682 ,,,,
"2019-06-27,四",0.0203 ,4797845 ,4772724100 ,0.38,4188 ,,,,
"2019-06-28,五",0.0176 ,3108840 ,3050739300 ,0.25,3452 ,,,,
"2019-07-01,一",0.0360 ,5233723 ,5325575900 ,0.42,4234 ,,,,
"2019-07-02,二",0.0131 ,3906109 ,3989722000 ,0.31,4372 ,,,,
"2019-07-03,三",0.0405 ,6713932 ,6717755700 ,0.53,4401 ,,,,
"2019-07-04,四",0.0198 ,4621668 ,4531686000 ,0.37,4043 ,,,,
"2019-07-05,五",0.0303 ,5003271 ,4968920500 ,0.4,4380 ,,,,
"2019-07-08,一",0.0229 ,3361352 ,3313713100 ,0.27,3990 ,,,,
"2019-07-09,二",0.0210 ,3172332 ,3103986400 ,0.25,3924 ,,,,
"2019-07-10,三",0.0139 ,2816670 ,2774054700 ,0.22,4014 ,,,,
"2019-07-11,四",0.0228 ,3051419 ,3011117100 ,0.24,3942 ,,,,
"2019-07-12,五",0.0117 ,2817385 ,2778938000 ,0.22,3637 ,,,,
"2019-07-15,一",0.0294 ,5987040 ,5785726600 ,0.48,4305 ,,,,
"2019-07-16,二",0.0177 ,3324524 ,3226755600 ,0.26,3744 ,,,,
"2019-07-17,三",0.0112 ,2546887 ,2459954500 ,0.2,3510 ,,,,
"2019-07-18,四",0.0164 ,3925295 ,3748507500 ,0.31,3893 ,,,,
"2019-07-19,五",0.0135 ,2801481 ,2679887400 ,0.22,3692 ,,,,
"2019-07-22,一",0.0144 ,2812549 ,2695084000 ,0.22,3930 ,,,,
"2019-07-23,二",0.0196 ,3248395 ,3087319300 ,0.26,3829 ,,,,
"2019-07-24,三",0.0159 ,4677120 ,4450509800 ,0.37,4411 ,,,,
"2019-07-25,四",0.0266 ,3825570 ,3633246100 ,0.3,4274 ,,,,
"2019-07-26,五",0.0129 ,2646759 ,2556208800 ,0.21,3716 ,,,,
"2019-07-29,一",0.0202 ,2698133 ,2626793600 ,0.21,4103 ,,,,
"2019-07-30,二",0.0123 ,1953797 ,1911965200 ,0.16,3454 ,,,,
"2019-07-31,三",0.0155 ,2252620 ,2191910000 ,0.18,3702 ,,,,
"2019-08-01,四",0.0247 ,3508952 ,3385045900 ,0.28,4270 ,,,,
"2019-08-02,五",0.0156 ,3971940 ,3772328900 ,0.32,4065 ,,,,
"2019-08-05,一",0.0147 ,3677431 ,3473341300 ,0.29,4128 ,,,,
"2019-08-06,二",0.0257 ,4399116 ,4121445000 ,0.35,4235 ,,,,
"2019-08-07,三",0.0111 ,2686998 ,2553463400 ,0.21,3783 ,,,,
"2019-08-08,四",0.0233 ,3880813 ,3755087000 ,0.31,4043 ,,,,
"2019-08-09,五",0.0226 ,2846170 ,2760764400 ,0.23,3867 ,,,,
"2019-08-12,一",0.0261 ,8149895 ,8208540700 ,0.65,4494 ,,,,
"2019-08-13,二",0.0150 ,3032970 ,3088013800 ,0.24,3899 ,,,,
"2019-08-14,三",0.0215 ,4141095 ,4327071300 ,0.33,3954 ,,,,
"2019-08-15,四",0.0177 ,2723739 ,2821331100 ,0.22,3710 ,,,,
"2019-08-16,五",0.0331 ,3608673 ,3822488400 ,0.29,4154 ,,,,
"2019-08-19,一",0.0198 ,3286758 ,3471558000 ,0.26,4086 ,,,,
"2019-08-20,二",0.0224 ,2860213 ,3038219300 ,0.23,3626 ,,,,
"2019-08-21,三",0.0143 ,2506662 ,2678841900 ,0.2,3858 ,,,,
"2019-08-22,四",0.0319 ,3759078 ,4099045100 ,0.3,3837 ,,,,
"2019-08-23,五",0.0344 ,4019230 ,4495782900 ,0.32,4197 ,,,,
"2019-08-26,一",0.0277 ,4849789 ,5382792400 ,0.39,4298 ,,,,
"2019-08-27,二",0.0202 ,5216421 ,5830617900 ,0.42,4356 ,,,,
"2019-08-28,三",0.0362 ,4700967 ,5169779000 ,0.37,4303 ,,,,
"2019-08-29,四",0.0233 ,2933042 ,3247704300 ,0.23,3903 ,,,,
"2019-08-30,五",0.0207 ,4489077 ,5093877200 ,0.36,4316 ,,,,
"2019-09-02,一",0.0140 ,2823433 ,3210850600 ,0.22,3807 ,,,,
"2019-09-03,二",0.0197 ,2948509 ,3358578400 ,0.23,3820 ,,,,
"2019-09-04,三",0.0200 ,3360022 ,3785904700 ,0.27,4035 ,,,,
"2019-09-05,四",0.0150 ,3293084 ,3746608100 ,0.26,4008 ,,,,
"2019-09-06,五",0.0132 ,2617659 ,2978155800 ,0.21,3798 ,,,,
"2019-09-09,一",0.0114 ,2937934 ,3346080800 ,0.23,3783 ,,,,
"2019-09-10,二",0.0132 ,2622707 ,2952753700 ,0.21,3469 ,,,,
"2019-09-11,三",0.0462 ,8171654 ,8904690600 ,0.65,4574 ,,,,
"2019-09-12,四",0.0411 ,4121133 ,4498210300 ,0.33,4190 ,,,,
"2019-09-16,一",0.0191 ,3137180 ,3432292100 ,0.25,3913 ,,,,
"2019-09-17,二",0.0179 ,2519693 ,2767385800 ,0.2,4100 ,,,,
"2019-09-18,三",0.0382 ,6931447 ,7899560200 ,0.55,4323 ,,,,
"2019-09-19,四",0.0112 ,2447980 ,2800064400 ,0.19,3872 ,,,,
"2019-09-20,五",0.0108 ,3762666 ,4346138200 ,0.3,4031 ,,,,
"2019-09-23,一",0.0225 ,3002633 ,3431059000 ,0.24,3760 ,,,,
"2019-09-24,二",0.0286 ,3626913 ,4259834000 ,0.29,3964 ,,,,
"2019-09-25,三",0.0155 ,2402458 ,2832308400 ,0.19,3494 ,,,,
"2019-09-26,四",0.0209 ,2608194 ,3050478300 ,0.21,3874 ,,,,
"2019-09-27,五",0.0257 ,2282661 ,2671754300 ,0.18,3607 ,,,,
"2019-09-30,一",0.0165 ,3082514 ,3565988700 ,0.25,3837 ,,,,
"2019-10-08,二",0.0243 ,3104527 ,3631091500 ,0.25,3859 ,,,,
"2019-10-09,三",0.0267 ,3578857 ,4105282400 ,0.28,4088 ,,,,
"2019-10-10,四",0.0435 ,4117370 ,4685560500 ,0.33,4140 ,,,,
"2019-10-11,五",0.0197 ,2868925 ,3343559800 ,0.23,3880 ,,,,
"2019-10-14,一",0.0150 ,2718751 ,3209363000 ,0.22,3559 ,,,,
"2019-10-15,二",0.0328 ,4003473 ,4806856300 ,0.32,4093 ,,,,
"2019-10-16,三",0.0227 ,5915059 ,6935972700 ,0.47,4409 ,,,,
"2019-10-17,四",0.0206 ,3050870 ,3578144100 ,0.24,4050 ,,,,
"2019-10-18,五",0.0155 ,2829161 ,3335011100 ,0.23,3885 ,,,,
"2019-10-21,一",0.0133 ,2527467 ,2955023900 ,0.2,3768 ,,,,
"2019-10-22,二",0.0151 ,1930943 ,2262188300 ,0.15,3305 ,,,,
"2019-10-23,三",0.0187 ,2308021 ,2684922200 ,0.18,3639 ,,,,
"2019-10-24,四",0.0163 ,2617844 ,3025245600 ,0.21,3920 ,,,,
"2019-10-25,五",0.0256 ,2599845 ,3015929000 ,0.21,3721 ,,,,
"2019-10-28,一",0.0137 ,2248599 ,2644563000 ,0.18,3674 ,,,,
"2019-10-29,二",0.0188 ,2780371 ,3314271700 ,0.22,4005 ,,,,
"2019-10-30,三",0.0140 ,2125475 ,2516524200 ,0.17,3604 ,,,,
"2019-10-31,四",0.0185 ,2590927 ,3068884900 ,0.21,4049 ,,,,
"2019-11-01,五",0.0165 ,2281196 ,2697638400 ,0.18,3811 ,,,,
"2019-11-04,一",0.0177 ,2673798 ,3209264000 ,0.21,3950 ,,,,
"2019-11-05,二",0.0108 ,2225472 ,2667596000 ,0.18,3925 ,,,,
"2019-11-06,三",0.0126 ,1973751 ,2362005400 ,0.16,3555 ,,,,
"2019-11-07,四",0.0108 ,1616788 ,1933203900 ,0.13,3502 ,,,,
"2019-11-08,五",0.0118 ,2451211 ,2964133800 ,0.2,3779 ,,,,
"2019-11-11,一",0.0105 ,1734246 ,2082060800 ,0.14,3421 ,,,,
"2019-11-12,二",0.0095 ,1915055 ,2303205500 ,0.15,3408 ,,,,
"2019-11-13,三",0.0231 ,3197704 ,3890666600 ,0.25,3936 ,,,,
"2019-11-14,四",0.0147 ,2352112 ,2898399700 ,0.19,3719 ,,,,
"2019-11-15,五",0.0093 ,1634072 ,2003665300 ,0.13,3444 ,,,,
"2019-11-18,一",0.0093 ,1803766 ,2204546100 ,0.14,3051 ,,,,
"2019-11-19,二",0.0135 ,2062375 ,2542105900 ,0.16,3541 ,,,,
"2019-11-20,三",0.0093 ,1528053 ,1884957300 ,0.12,3206 ,,,,
"2019-11-21,四",0.0117 ,1918739 ,2356277800 ,0.15,3718 ,,,,
"2019-11-22,五",0.0357 ,4705428 ,5677646500 ,0.37,4198 ,,,,
"2019-11-25,一",0.0184 ,3828175 ,4518778900 ,0.3,4176 ,,,,
"2019-11-26,二",0.0132 ,4023961 ,4794179900 ,0.32,4170 ,,,,
"2019-11-27,三",0.0102 ,1984881 ,2363839700 ,0.16,3484 ,,,,
"2019-11-28,四",0.0239 ,2884499 ,3405325500 ,0.23,3940 ,,,,
"2019-11-29,五",0.0447 ,8239732 ,9338326600 ,0.66,4639 ,,,,
"2019-12-02,一",0.0193 ,3078441 ,3479717400 ,0.25,4040 ,,,,
"2019-12-03,二",0.0135 ,2734093 ,3066695600 ,0.22,3804 ,,,,
"2019-12-04,三",0.0238 ,3528308 ,3980511000 ,0.28,3733 ,,,,
"2019-12-05,四",0.0125 ,2133879 ,2402503500 ,0.17,3529 ,,,,
"2019-12-06,五",0.0353 ,3950626 ,4565643700 ,0.31,4188 ,,,,
"2019-12-09,一",0.0170 ,2182412 ,2543532500 ,0.17,3651 ,,,,
"2019-12-10,二",0.0121 ,1508658 ,1749356300 ,0.12,3280 ,,,,
"2019-12-11,三",0.0131 ,1456799 ,1689987700 ,0.12,2861 ,,,,
"2019-12-12,四",0.0258 ,2940916 ,3362699700 ,0.23,3681 ,,,,
"2019-12-13,五",0.0167 ,3000059 ,3473928000 ,0.24,3808 ,,,,
"2019-12-16,一",0.0215 ,3093642 ,3554133600 ,0.25,4081 ,,,,
"2019-12-17,二",0.0266 ,4261696 ,4937042000 ,0.34,4392 ,,,,
"2019-12-18,三",0.0096 ,1964009 ,2295963800 ,0.16,3695 ,,,,
"2019-12-19,四",0.0094 ,1955230 ,2262598600 ,0.16,3615 ,,,,
"2019-12-20,五",0.0179 ,2356384 ,2703612400 ,0.19,3803 ,,,,
"2019-12-23,一",0.0231 ,2591918 ,2981937500 ,0.21,3929 ,,,,
"2019-12-24,二",0.0087 ,1182310 ,1358536200 ,0.09,2802 ,,,,
"2019-12-25,三",0.0113 ,2430597 ,2755735200 ,0.19,3684 ,,,,
"2019-12-26,四",0.0194 ,2287727 ,2585996500 ,0.18,3533 ,,,,
"2019-12-27,五",0.0194 ,4706628 ,5486452900 ,0.37,4055 ,,,,
"2019-12-30,一",0.0218 ,4076066 ,4827682100 ,0.32,4275 ,,,,
"2019-12-31,二",0.0097 ,2258881 ,2666705100 ,0.18,3759 ,,,,
"2020-01-02,四",0.0246 ,14809916 ,16696837000 ,1.18,4702 ,,,,
"2020-01-03,五",0.0355 ,13031878 ,14266381000 ,1.04,4699 ,,,,
"2020-01-06,一",0.0237 ,6341478 ,6853917600 ,0.5,4478 ,,,,
"2020-01-07,二",0.0210 ,4785359 ,5220697100 ,0.38,4132 ,,,,
"2020-01-08,三",0.0118 ,2500825 ,2720371900 ,0.2,3849 ,,,,
"2020-01-09,四",0.0141 ,3740587 ,4110949800 ,0.3,4104 ,,,,
"2020-01-10,五",0.0122 ,3597587 ,3993457100 ,0.29,4164 ,,,,
"2020-01-13,一",0.0155 ,3851575 ,4325688000 ,0.31,4104 ,,,,
"2020-01-14,二",0.0195 ,3514465 ,3916300800 ,0.28,4124 ,,,,
"2020-01-15,三",0.0150 ,2602911 ,2895603700 ,0.21,3662 ,,,,
"2020-01-16,四",0.0146 ,2319165 ,2571593100 ,0.18,3776 ,,,,
"2020-01-17,五",0.0106 ,2347275 ,2599645100 ,0.19,3758 ,,,,
"2020-01-20,一",0.0270 ,3539130 ,3858246800 ,0.28,4118 ,,,,
"2020-01-21,二",0.0135 ,3287405 ,3542441300 ,0.26,4144 ,,,,
"2020-01-22,三",0.0266 ,3620004 ,3875275100 ,0.29,4246 ,,,,
"2020-01-23,四",0.0363 ,5346843 ,5638945700 ,0.43,4418 ,,,,
"2020-02-03,一",0.0291 ,12344288 ,12314991800 ,0.98,4623 ,,,,
"2020-02-04,二",0.0458 ,6262418 ,6490469000 ,0.5,4496 ,,,,
"2020-02-05,三",0.0202 ,4741824 ,4956355200 ,0.38,4309 ,,,,
"2020-02-06,四",0.0219 ,4717121 ,5011246400 ,0.38,4340 ,,,,
"2020-02-07,五",0.0149 ,3127871 ,3348894600 ,0.25,4080 ,,,,
"2020-02-10,一",0.0162 ,3053342 ,3251908500 ,0.24,4099 ,,,,
"2020-02-11,二",0.0346 ,4791793 ,5222918900 ,0.38,4225 ,,,,
"2020-02-12,三",0.0118 ,2812543 ,3072294000 ,0.22,3762 ,,,,
"2020-02-13,四",0.0236 ,3035736 ,3335277400 ,0.24,3741 ,,,,
"2020-02-14,五",0.0095 ,2328760 ,2534568400 ,0.19,3467 ,,,,
"2020-02-17,一",0.0127 ,2702822 ,2946182700 ,0.22,3891 ,,,,
"2020-02-18,二",0.0127 ,2666496 ,2897729700 ,0.21,3959 ,,,,
"2020-02-19,三",0.0217 ,3705147 ,4052365600 ,0.29,4010 ,,,,
"2020-02-20,四",0.0261 ,4680262 ,5220660900 ,0.37,4108 ,,,,
"2020-02-21,五",0.0121 ,2894008 ,3225337200 ,0.23,3897 ,,,,
"2020-02-24,一",0.0220 ,3865036 ,4221857500 ,0.31,4184 ,,,,
"2020-02-25,二",0.0131 ,3838562 ,4127432100 ,0.31,4174 ,,,,
"2020-02-26,三",0.0270 ,4356097 ,4663278400 ,0.35,3956 ,,,,
"2020-02-27,四",0.0177 ,3449829 ,3758783800 ,0.27,4077 ,,,,
"2020-02-28,五",0.0295 ,4994657 ,5307929200 ,0.4,4385 ,,,,
"2020-03-02,一",0.0440 ,4766304 ,5154329200 ,0.38,4342 ,,,,
"2020-03-03,二",0.0192 ,5025015 ,5585227700 ,0.4,4274 ,,,,
"2020-03-04,三",0.0204 ,5379299 ,6080149200 ,0.43,4382 ,,,,
"2020-03-05,四",0.0394 ,6242645 ,7210485100 ,0.5,4521 ,,,,
"2020-03-06,五",0.0205 ,3064100 ,3553622400 ,0.24,3968 ,,,,
"2020-03-09,一",0.0205 ,4340409 ,4865288500 ,0.35,4337 ,,,,
"2020-03-10,二",0.0494 ,5806293 ,6635936200 ,0.46,4286 ,,,,
"2020-03-11,三",0.0247 ,3554757 ,4124608000 ,0.28,3931 ,,,,
"2020-03-12,四",0.0241 ,3663063 ,4172606100 ,0.29,4177 ,,,,
"2020-03-13,五",0.0430 ,7588531 ,8348496500 ,0.6,4500 ,,,,
"2020-03-16,一",0.0413 ,5123254 ,5548946700 ,0.41,4260 ,,,,
"2020-03-17,二",0.0627 ,7935912 ,8277472800 ,0.63,4622 ,,,,
"2020-03-18,三",0.0498 ,7345988 ,7582762500 ,0.58,4391 ,,,,
"2020-03-19,四",0.0545 ,10226507 ,10075880500 ,0.81,4669 ,,,,
"2020-03-20,五",0.0321 ,6013919 ,6169094400 ,0.48,4336 ,,,,
"2020-03-23,一",0.0423 ,4847210 ,4918121900 ,0.39,4324 ,,,,
"2020-03-24,二",0.0234 ,4665096 ,4900364100 ,0.37,4236 ,,,,
"2020-03-25,三",0.0162 ,3704866 ,4015061200 ,0.29,3974 ,,,,
"2020-03-26,四",0.0270 ,3004856 ,3231754300 ,0.24,3787 ,,,,
"2020-03-27,五",0.0160 ,3626112 ,3931759400 ,0.29,3979 ,,,,
"2020-03-30,一",0.0186 ,3068741 ,3279823000 ,0.24,3977 ,,,,
"2020-03-31,二",0.0310 ,4798437 ,5293170700 ,0.38,4168 ,,,,
"2020-04-01,三",0.0234 ,3320535 ,3700184200 ,0.26,3867 ,,,,
"2020-04-02,四",0.0373 ,4520561 ,5095167600 ,0.36,4047 ,,,,
"2020-04-03,五",0.0140 ,2761761 ,3148421900 ,0.22,3768 ,,,,
"2020-04-07,二",0.0155 ,4348800 ,5041525500 ,0.35,4146 ,,,,
"2020-04-08,三",0.0123 ,2422442 ,2809422100 ,0.19,3856 ,,,,
"2020-04-09,四",0.0181 ,2281697 ,2640230500 ,0.18,3714 ,,,,
"2020-04-10,五",0.0242 ,2780434 ,3252600700 ,0.22,3646 ,,,,
"2020-04-13,一",0.0184 ,1598147 ,1854563700 ,0.13,3069 ,,,,
"2020-04-14,二",0.0220 ,3679955 ,4340858700 ,0.29,4146 ,,,,
"2020-04-15,三",0.0143 ,2933229 ,3501318300 ,0.23,4063 ,,,,
"2020-04-16,四",0.0109 ,2172774 ,2588431800 ,0.17,3718 ,,,,
"2020-04-17,五",0.0247 ,3824569 ,4676618200 ,0.3,4008 ,,,,
"2020-04-20,一",0.0120 ,2423864 ,2963483300 ,0.19,3904 ,,,,
"2020-04-21,二",0.0253 ,2922422 ,3517018500 ,0.23,3937 ,,,,
"2020-04-22,三",0.0394 ,4403473 ,5430377600 ,0.35,4142 ,,,,
"2020-04-23,四",0.0144 ,2689851 ,3377042500 ,0.21,3739 ,,,,
"2020-04-24,五",0.0197 ,1912240 ,2390444000 ,0.15,3567 ,,,,
"2020-04-27,一",0.0218 ,2590391 ,3284513300 ,0.21,3968 ,,,,
"2020-04-28,二",0.0220 ,3466190 ,4458549400 ,0.28,4082 ,,,,
"2020-04-29,三",0.0235 ,2344406 ,2976725000 ,0.19,3703 ,,,,
"2020-04-30,四",0.0205 ,2466087 ,3134408900 ,0.2,3803 ,,,,
"2020-05-06,三",0.0395 ,3583481 ,4598589800 ,0.29,4106 ,,,,
"2020-05-07,四",0.0169 ,2793474 ,3647628300 ,0.22,3939 ,,,,
"2020-05-08,五",0.0225 ,2907868 ,3839218000 ,0.23,4093 ,,,,
"2020-05-11,一",0.0162 ,2367119 ,3135991000 ,0.19,3653 ,,,,
"2020-05-12,二",0.0144 ,1972181 ,2621824700 ,0.16,3547 ,,,,
"2020-05-13,三",0.0113 ,2201431 ,2931465000 ,0.18,3560 ,,,,
"2020-05-14,四",0.0073 ,1857492 ,2467976400 ,0.15,1237 ,,,,
"2020-05-15,五",0.0238 ,2639808 ,3469736800 ,0.21,3679 ,,,,
"2020-05-18,一",0.0353 ,3436211 ,4587989700 ,0.27,3914 ,,,,
"2020-05-19,二",0.0193 ,2478746 ,3342210500 ,0.2,3453 ,,,,
"2020-05-20,三",0.0166 ,2118340 ,2859455100 ,0.17,3537 ,,,,
"2020-05-21,四",0.0141 ,2305158 ,3147105500 ,0.18,3681 ,,,,
"2020-05-22,五",0.0316 ,3442746 ,4608696100 ,0.27,4152 ,,,,
"2020-05-25,一",0.0343 ,3156100 ,4260387700 ,0.25,4132 ,,,,
"2020-05-26,二",0.0110 ,2247019 ,3056188300 ,0.18,3796 ,,,,
"2020-05-27,三",0.0199 ,2677741 ,3596654300 ,0.21,3788 ,,,,
"2020-05-28,四",0.0193 ,2648591 ,3536546900 ,0.21,3657 ,,,,
"2020-05-29,五",0.0282 ,3044435 ,4144247200 ,0.24,3965 ,,,,
"2020-06-01,一",0.0286 ,3547976 ,4986178900 ,0.28,4218 ,,,,
"2020-06-02,二",0.0150 ,2596010 ,3679210600 ,0.21,3928 ,,,,
"2020-06-03,三",0.0154 ,2355736 ,3308382800 ,0.19,3840 ,,,,
"2020-06-04,四",0.0107 ,1803741 ,2534459700 ,0.14,3198 ,,,,
"2020-06-05,五",0.0197 ,1834706 ,2597524600 ,0.15,3444 ,,,,
"2020-06-08,一",0.0232 ,2930045 ,4145298500 ,0.23,3995 ,,,,
"2020-06-09,二",0.0173 ,2261191 ,3199849700 ,0.18,3682 ,,,,
"2020-06-10,三",0.0115 ,2270074 ,3234843900 ,0.18,3667 ,,,,
"2020-06-11,四",0.0148 ,3071171 ,4314846200 ,0.24,3955 ,,,,
"2020-06-12,五",0.0236 ,2842742 ,3992323400 ,0.23,3846 ,,,,
"2020-06-15,一",0.0216 ,3461541 ,4819512200 ,0.28,4231 ,,,,
"2020-06-16,二",0.0151 ,2920664 ,4099718900 ,0.23,4148 ,,,,
"2020-06-17,三",0.0120 ,1945307 ,2730097100 ,0.15,3533 ,,,,
"2020-06-18,四",0.0093 ,2101041 ,2956800100 ,0.17,3788 ,,,,
"2020-06-19,五",0.0213 ,3895833 ,5603232700 ,0.31,4246 ,,,,
"2020-06-22,一",0.0074 ,2324700 ,3343536600 ,0.19,3670 ,,,,
"2020-06-23,二",0.0337 ,3393426 ,4963194700 ,0.27,4033 ,,,,
"2020-06-24,三",0.0140 ,2513899 ,3663537100 ,0.2,3676 ,,,,
"2020-06-29,一",0.0199 ,2808061 ,4064048200 ,0.22,3806 ,,,,
"2020-06-30,二",0.0095 ,2244614 ,3281641200 ,0.18,3621 ,,,,
"2020-07-01,三",0.0288 ,3868249 ,5759640300 ,0.31,4093 ,,,,
"2020-07-02,四",0.0374 ,4588372 ,7014289600 ,0.37,4381 ,,,,
"2020-07-03,五",0.0231 ,3512581 ,5395637000 ,0.28,4267 ,,,,
"2020-07-06,一",0.0546 ,5182196 ,8228069000 ,0.41,4579 ,,,,
"2020-07-07,二",0.0899 ,6666393 ,11219852100 ,0.53,4618 ,,,,
"2020-07-08,三",0.0350 ,5316998 ,8963189100 ,0.42,4601 ,,,,
"2020-07-09,四",0.0178 ,3503324 ,5951732800 ,0.28,4187 ,,,,
"2020-07-10,五",0.0279 ,3710044 ,6352507500 ,0.3,4298 ,,,,
"2020-07-13,一",0.0422 ,6072716 ,10679460300 ,0.48,4550 ,,,,
"2020-07-14,二",0.0189 ,4609351 ,8135834900 ,0.37,4422 ,,,,
"2020-07-15,三",0.0215 ,4071294 ,7176560600 ,0.32,4364 ,,,,
"2020-07-16,四",0.0741 ,10224219 ,16901373000 ,0.81,4688 ,,,,
"2020-07-17,五",0.0326 ,6590206 ,10863420100 ,0.52,4494 ,,,,
"2020-07-20,一",0.0456 ,4528033 ,7363823000 ,0.36,4249 ,,,,
"2020-07-21,二",0.0439 ,4196950 ,7026353200 ,0.33,4001 ,,,,
"2020-07-22,三",0.0312 ,3920121 ,6637265400 ,0.31,4060 ,,,,
"2020-07-23,四",0.0244 ,3432052 ,5739050300 ,0.27,4075 ,,,,
"2020-07-24,五",0.0483 ,7875201 ,12705941900 ,0.63,4587 ,,,,
"2020-07-27,一",0.0187 ,3878817 ,6279664400 ,0.31,4046 ,,,,
"2020-07-28,二",0.0308 ,5491152 ,9133721900 ,0.44,4440 ,,,,
"2020-07-29,三",0.0341 ,5074843 ,8411790000 ,0.4,4326 ,,,,
"2020-07-30,四",0.0180 ,3837304 ,6486855500 ,0.31,4288 ,,,,
"2020-07-31,五",0.0351 ,4068474 ,6846747300 ,0.32,4137 ,,,,
"2020-08-03,一",0.0218 ,3466114 ,5790041400 ,0.28,4173 ,,,,
"2020-08-04,二",0.0138 ,3194051 ,5337185800 ,0.25,4085 ,,,,
"2020-08-05,三",0.0178 ,2552169 ,4236612500 ,0.2,3723 ,,,,
"2020-08-06,四",0.0264 ,3264878 ,5372942600 ,0.26,4231 ,,,,
"2020-08-07,五",0.0312 ,3424205 ,5560065800 ,0.27,4204 ,,,,
"2020-08-10,一",0.0226 ,2362354 ,3857721100 ,0.19,3598 ,,,,
"2020-08-11,二",0.0162 ,3581818 ,5936904900 ,0.29,4074 ,,,,
"2020-08-12,三",0.0218 ,2793392 ,4529267500 ,0.22,3937 ,,,,
"2020-08-13,四",0.0184 ,2054134 ,3341652200 ,0.16,3479 ,,,,
"2020-08-14,五",0.0212 ,3765318 ,6230475400 ,0.3,3989 ,,,,
"2020-08-17,一",0.0207 ,4357201 ,7363610900 ,0.35,4201 ,,,,
"2020-08-18,二",0.0172 ,3042281 ,5192751800 ,0.24,4046 ,,,,
"2020-08-19,三",0.0199 ,2691498 ,4578143800 ,0.21,3911 ,,,,
"2020-08-20,四",0.0136 ,2238233 ,3727183900 ,0.18,3637 ,,,,
"2020-08-21,五",0.0162 ,2508241 ,4217048400 ,0.2,3940 ,,,,
"2020-08-24,一",0.0101 ,3093344 ,5260286500 ,0.25,3923 ,,,,
"2020-08-25,二",0.0284 ,4187249 ,7227309800 ,0.33,4255 ,,,,
"2020-08-26,三",0.0174 ,2621573 ,4530374200 ,0.21,3902 ,,,,
"2020-08-27,四",0.0168 ,2263553 ,3896759400 ,0.18,3642 ,,,,
"2020-08-28,五",0.0246 ,4229962 ,7389242300 ,0.34,4293 ,,,,
"2020-08-31,一",0.0259 ,4781036 ,8608932600 ,0.38,4350 ,,,,
"2020-09-01,二",0.0151 ,3163992 ,5661594300 ,0.25,4177 ,,,,
"2020-09-02,三",0.0322 ,3200929 ,5746351900 ,0.25,4067 ,,,,
"2020-09-03,四",0.0180 ,3043735 ,5471333900 ,0.24,4060 ,,,,
"2020-09-04,五",0.0173 ,3085796 ,5433479400 ,0.25,3978 ,,,,
"2020-09-07,一",0.0418 ,3111202 ,5446354600 ,0.25,4094 ,,,,
"2020-09-08,二",0.0352 ,3447238 ,5865962700 ,0.27,4254 ,,,,
"2020-09-09,三",0.0181 ,2596355 ,4401806100 ,0.21,3899 ,,,,
"2020-09-10,四",0.0118 ,2477833 ,4236694400 ,0.2,3823 ,,,,
"2020-09-11,五",0.0281 ,3108800 ,5339883400 ,0.25,4018 ,,,,
"2020-09-14,一",0.0222 ,3105601 ,5448189000 ,0.25,4093 ,,,,
"2020-09-15,二",0.0126 ,2082087 ,3654872000 ,0.17,3531 ,,,,
"2020-09-16,三",0.0260 ,2251598 ,3916457800 ,0.18,3605 ,,,,
"2020-09-17,四",0.0243 ,6367985 ,10683350200 ,0.51,4504 ,,,,
"2020-09-18,五",0.0359 ,4720140 ,7853673200 ,0.38,4362 ,,,,
"2020-09-21,一",0.0154 ,2244407 ,3756765100 ,0.18,3861 ,,,,
"2020-09-22,二",0.0222 ,2326547 ,3890070200 ,0.19,3730 ,,,,
"2020-09-23,三",0.0270 ,3572552 ,5878691100 ,0.28,3999 ,,,,
"2020-09-24,四",0.0194 ,3005078 ,4915392300 ,0.24,4068 ,,,,
"2020-09-25,五",0.0153 ,2258296 ,3700843500 ,0.18,3585 ,,,,
"2020-09-28,一",0.0204 ,2423222 ,4019640200 ,0.19,3764 ,,,,
"2020-09-29,二",0.0103 ,1743078 ,2895081400 ,0.14,3352 ,,,,
"2020-09-30,三",0.0193 ,2708781 ,4536012500 ,0.22,4034 ,,,,
"2020-10-09,五",0.0110 ,3423988 ,5817280600 ,0.27,4110 ,,,,
"2020-10-12,一",0.0298 ,4372904 ,7597987800 ,0.35,4229 ,,,,
"2020-10-13,二",0.0089 ,2294389 ,3995560500 ,0.18,3692 ,,,,
"2020-10-14,三",0.0121 ,2048139 ,3554316600 ,0.16,3485 ,,,,
"2020-10-15,四",0.0081 ,1620436 ,2801250600 ,0.13,3465 ,,,,
"2020-10-16,五",0.0183 ,1737738 ,2991246900 ,0.14,3504 ,,,,
"2020-10-19,一",0.0246 ,1922632 ,3284383400 ,0.15,3642 ,,,,
"2020-10-20,二",0.0235 ,2773493 ,4787807500 ,0.22,4065 ,,,,
"2020-10-21,三",0.0110 ,1890137 ,3275357400 ,0.15,3594 ,,,,
"2020-10-22,四",0.0170 ,2248087 ,3897729800 ,0.18,3564 ,,,,
"2020-10-23,五",0.0193 ,1929169 ,3339987500 ,0.15,3526 ,,,,
"2020-10-26,一",0.0367 ,6601529 ,10821908200 ,0.53,4338 ,,,,
"2020-10-27,二",0.0170 ,4394440 ,7156688300 ,0.35,4447 ,,,,
"2020-10-28,三",0.0320 ,3463653 ,5739452200 ,0.28,4316 ,,,,
"2020-10-29,四",0.0366 ,3937376 ,6633168600 ,0.31,4315 ,,,,
"2020-10-30,五",0.0185 ,2605545 ,4379602100 ,0.21,3894 ,,,,
"2020-11-02,一",0.0138 ,2106643 ,3544422200 ,0.17,3811 ,,,,
"2020-11-03,二",0.0182 ,2349749 ,3976621200 ,0.19,3730 ,,,,
"2020-11-04,三",0.0112 ,1644371 ,2788396300 ,0.13,3397 ,,,,
"2020-11-05,四",0.0120 ,2352414 ,4053043300 ,0.19,3673 ,,,,
"2020-11-06,五",0.0242 ,2305153 ,3932702400 ,0.18,3933 ,,,,
"2020-11-09,一",0.0294 ,4146970 ,7198679700 ,0.33,4270 ,,,,
"2020-11-10,二",0.0163 ,3018944 ,5287968200 ,0.24,3743 ,,,,
"2020-11-11,三",0.0266 ,3485073 ,6122365400 ,0.28,4034 ,,,,
"2020-11-12,四",0.0160 ,2347309 ,4071729800 ,0.19,3988 ,,,,
"2020-11-13,五",0.0218 ,2815548 ,4791276500 ,0.22,3995 ,,,,
"2020-11-16,一",0.0192 ,3061349 ,5247897200 ,0.24,4082 ,,,,
"2020-11-17,二",0.0239 ,2522403 ,4355288000 ,0.2,3774 ,,,,
"2020-11-18,三",0.0218 ,3517895 ,5973146800 ,0.28,24030 ,,,,
"2020-11-19,四",0.0262 ,2781576 ,4767508800 ,0.22,17916 ,,,,
"2020-11-20,五",0.0136 ,2187466 ,3771894900 ,0.17,14027 ,,,,
"2020-11-23,一",0.0226 ,6663724 ,11926870600 ,0.53,35096 ,,,,
"2020-11-24,二",0.0173 ,3246536 ,5736960200 ,0.26,20068 ,,,,
"2020-11-25,三",0.0254 ,2822632 ,4910540700 ,0.22,19154 ,,,,
"2020-11-26,四",0.0086 ,2322830 ,4027749300 ,0.18,13785 ,,,,
"2020-11-27,五",0.0127 ,2156861 ,3737698000 ,0.17,12983 ,,,,
"2020-11-30,一",0.0144 ,3194007 ,5520322200 ,0.25,19924 ,,,,
"2020-12-01,二",0.0111 ,2819620 ,4891829200 ,0.22,18018 ,,,,
"2020-12-02,三",0.0104 ,2357169 ,4101369300 ,0.19,15562 ,,,,
"2020-12-03,四",0.0136 ,2950578 ,5147357800 ,0.23,18323 ,,,,
"2020-12-04,五",0.0275 ,6249119 ,11176048800 ,0.5,32666 ,,,,
"2020-12-07,一",0.0222 ,5833133 ,10617305100 ,0.46,32136 ,,,,
"2020-12-08,二",0.0342 ,6145400 ,11333352200 ,0.49,29695 ,,,,
"2020-12-09,三",0.0146 ,3115212 ,5766037600 ,0.25,19763 ,,,,
"2020-12-10,四",0.0118 ,3265354 ,6009239900 ,0.26,19654 ,,,,
"2020-12-11,五",0.0177 ,3077579 ,5595359700 ,0.24,18342 ,,,,
"2020-12-14,一",0.0082 ,3305200 ,6026813400 ,0.26,19695 ,,,,
"2020-12-15,二",0.0176 ,2960497 ,5383582300 ,0.24,17665 ,,,,
"2020-12-16,三",0.0140 ,3215016 ,5901298300 ,0.26,18138 ,,,,
"2020-12-17,四",0.0152 ,3603064 ,6683421900 ,0.29,20370 ,,,,
"2020-12-18,五",0.0150 ,2707698 ,5020969000 ,0.22,17867 ,,,,
"2020-12-21,一",0.0074 ,3069672 ,5663526800 ,0.24,17399 ,,,,
"2020-12-22,二",0.0307 ,4065060 ,7618583400 ,0.32,24890 ,,,,
"2020-12-23,三",0.0453 ,4770609 ,8901002300 ,0.38,30733 ,,,,
"2020-12-24,四",0.0347 ,3785714 ,6921989400 ,0.3,24719 ,,,,
"2020-12-25,五",0.0257 ,2308805 ,4218997600 ,0.18,15449 ,,,,
"2020-12-28,一",0.0343 ,3008037 ,5616528700 ,0.24,22027 ,,,,
"2020-12-29,二",0.0170 ,2286759 ,4275994800 ,0.18,15052 ,,,,
"2020-12-30,三",0.0337 ,3445210 ,6604461400 ,0.27,22103 ,,,,
"2020-12-31,四",0.0310 ,3886007 ,7682300700 ,0.31,26085 ,,,,
"2021-01-04,一",0.0106 ,4351400 ,8686920300 ,0.35,29403 ,,,,
"2021-01-05,二",0.0386 ,5211605 ,10592557400 ,0.41,28864 ,,,,
"2021-01-06,三",0.0432 ,4741020 ,9882593900 ,0.38,29058 ,,,,
"2021-01-07,四",0.0310 ,3793139 ,7991178800 ,0.3,24997 ,,,,
"2021-01-08,五",0.0411 ,5386164 ,11345202900 ,0.43,36488 ,,,,
"2021-01-11,一",0.0440 ,5107990 ,10768565400 ,0.41,33084 ,,,,
"2021-01-12,二",0.0361 ,4105859 ,8800558300 ,0.33,25177 ,,,,
"2021-01-13,三",0.0177 ,3438993 ,7418330900 ,0.27,23354 ,,,,
"2021-01-14,四",0.0217 ,3615220 ,7722089700 ,0.29,22278 ,,,,
"2021-01-15,五",0.0494 ,5950939 ,12372103200 ,0.47,37559 ,,,,
"2021-01-18,一",0.0246 ,3914404 ,8076715800 ,0.31,30942 ,,,,
"2021-01-19,二",0.0434 ,4634519 ,9479278500 ,0.37,31896 ,,,,
"2021-01-20,三",0.0363 ,4508242 ,9126453300 ,0.36,30160 ,,,,
"2021-01-21,四",0.0240 ,3831017 ,7953456000 ,0.3,23190 ,,,,
"2021-01-22,五",0.0193 ,2924761 ,6090260400 ,0.23,21617 ,,,,
"2021-01-25,一",0.0464 ,5595716 ,12029474600 ,0.45,35474 ,,,,
"2021-01-26,二",0.0285 ,3174746 ,6820173400 ,0.25,21365 ,,,,
"2021-01-27,三",0.0266 ,3712017 ,7809446400 ,0.3,24448 ,,,,
"2021-01-28,四",0.0238 ,3512864 ,7337084500 ,0.28,23253 ,,,,
"2021-01-29,五",0.0284 ,3370133 ,7166179300 ,0.27,25060 ,,,,
"2021-02-01,一",0.0307 ,2934059 ,6219639100 ,0.23,20001 ,,,,
"2021-02-02,二",0.0227 ,3458225 ,7372233600 ,0.28,23699 ,,,,
"2021-02-03,三",0.0272 ,3871415 ,8384049300 ,0.31,25389 ,,,,
"2021-02-04,四",0.0635 ,6385101 ,14596930000 ,0.51,39978 ,,,,
"2021-02-05,五",0.0317 ,3972906 ,9253566200 ,0.32,25754 ,,,,
"2021-02-08,一",0.0285 ,3578573 ,8420758600 ,0.28,24524 ,,,,
"2021-02-09,二",0.0449 ,3329655 ,7972930000 ,0.27,22034 ,,,,
"2021-02-10,三",0.0473 ,6137057 ,15675930000 ,0.49,35861 ,,,,
"2021-02-18,四",0.0626 ,6591232 ,16704135000 ,0.52,47621 ,,,,
"2021-02-19,五",0.0466 ,5938546 ,14525165000 ,0.47,41982 ,,,,
"2021-02-22,一",0.0719 ,7893547 ,18498777000 ,0.63,49584 ,,,,
"2021-02-23,二",0.0349 ,5745460 ,13316110800 ,0.46,36643 ,,,,
"2021-02-24,三",0.0683 ,8211578 ,18195034000 ,0.65,50569 ,,,,
"2021-02-25,四",0.0472 ,5972643 ,12982145800 ,0.48,36595 ,,,,
"2021-02-26,五",0.0524 ,6652506 ,14097015000 ,0.53,41800 ,,,,
"2021-03-01,一",0.0278 ,4491626 ,9686945500 ,0.36,28295 ,,,,
"2021-03-02,二",0.0681 ,7076450 ,14796699000 ,0.56,47411 ,,,,
"2021-03-03,三",0.0567 ,5421546 ,11366685400 ,0.43,36733 ,,,,
"2021-03-04,四",0.0401 ,6508829 ,13297304300 ,0.52,43045 ,,,,
"2021-03-05,五",0.0526 ,6377920 ,13100316000 ,0.51,43435 ,,,,
"2021-03-08,一",0.0607 ,6309959 ,12724246000 ,0.5,41439 ,,,,
"2021-03-09,二",0.0509 ,8226581 ,16100770000 ,0.65,50484 ,,,,
"2021-03-10,三",0.0170 ,5117174 ,10136910300 ,0.41,32789 ,,,,
"2021-03-11,四",0.0602 ,5676897 ,11521736400 ,0.45,36570 ,,,,
"2021-03-12,五",0.0366 ,4032251 ,8181594600 ,0.32,27653 ,,,,
"2021-03-15,一",0.0586 ,6248487 ,12459955700 ,0.5,42962 ,,,,
"2021-03-16,二",0.0278 ,3464850 ,6918600700 ,0.28,24082 ,,,,
"2021-03-17,三",0.0368 ,3137491 ,6352656500 ,0.25,22360 ,,,,
"2021-03-18,四",0.0253 ,3386488 ,6997030300 ,0.27,24447 ,,,,
"2021-03-19,五",0.0245 ,3578077 ,7211521800 ,0.28,25515 ,,,,
"2021-03-22,一",0.0351 ,3691407 ,7323391300 ,0.29,24931 ,,,,
"2021-03-23,二",0.0195 ,2744619 ,5459520700 ,0.22,20785 ,,,,
"2021-03-24,三",0.0160 ,2935739 ,5857848200 ,0.23,21346 ,,,,
"2021-03-25,四",0.0212 ,3157523 ,6216733200 ,0.25,24111 ,,,,
"2021-03-26,五",0.0325 ,5001642 ,9987629400 ,0.4,35401 ,,,,
"2021-03-29,一",0.0349 ,5699220 ,11740129400 ,0.45,38654 ,,,,
"2021-03-30,二",0.0250 ,3262697 ,6717493400 ,0.26,23755 ,,,,
"2021-03-31,三",0.0224 ,3715441 ,7489086200 ,0.3,26308 ,,,,
"2021-04-01,四",0.0227 ,2658763 ,5379775900 ,0.21,18077 ,,,,
"2021-04-02,五",0.0533 ,5202757 ,10981752700 ,0.41,34817 ,,,,
"2021-04-06,二",0.0276 ,3274177 ,6967525000 ,0.26,22593 ,,,,
"2021-04-07,三",0.0317 ,4020097 ,8317799900 ,0.32,28836 ,,,,
"2021-04-08,四",0.0170 ,2854762 ,5893307500 ,0.23,20431 ,,,,
"2021-04-09,五",0.0237 ,2880886 ,5832453800 ,0.23,20597 ,,,,
"2021-04-12,一",0.0190 ,3194307 ,6409917300 ,0.25,22619 ,,,,
"2021-04-13,二",0.0203 ,2899215 ,5883787300 ,0.23,20776 ,,,,
"2021-04-14,三",0.0158 ,2411465 ,4908790000 ,0.19,16308 ,,,,
"2021-04-15,四",0.0278 ,3436621 ,6903769500 ,0.27,24564 ,,,,
"2021-04-16,五",0.0278 ,3029370 ,6183895100 ,0.24,21053 ,,,,
"2021-04-19,一",0.0318 ,3175391 ,6610577900 ,0.25,23136 ,,,,
"2021-04-20,二",0.0283 ,2829037 ,5949670000 ,0.23,20157 ,,,,
"2021-04-21,三",0.0156 ,2614975 ,5446146000 ,0.21,18948 ,,,,
"2021-04-22,四",0.0228 ,2685002 ,5539295700 ,0.21,18764 ,,,,
"2021-04-23,五",0.0328 ,3346277 ,7002695300 ,0.27,23966 ,,,,
"2021-04-26,一",0.0291 ,3404511 ,7160836900 ,0.27,23241 ,,,,
"2021-04-27,二",0.0145 ,2210785 ,4607779000 ,0.18,15268 ,,,,
"2021-04-28,三",0.0212 ,8134295 ,16463575000 ,0.65,49925 ,,,,
"2021-04-29,四",0.0176 ,4128378 ,8370431200 ,0.33,28473 ,,,,
"2021-04-30,五",0.0159 ,3840137 ,7723747000 ,0.31,26114 ,,,,
"2021-05-06,四",0.0268 ,5354614 ,10584968900 ,0.43,37157 ,,,,
"2021-05-07,五",0.0342 ,5249339 ,10101703400 ,0.42,36039 ,,,,
"2021-05-10,一",0.0226 ,4600318 ,8677753600 ,0.37,31572 ,,,,
"2021-05-11,二",0.0493 ,4249412 ,8209251900 ,0.34,30876 ,,,,
"2021-05-12,三",0.0255 ,3269887 ,6473203300 ,0.26,22536 ,,,,
"2021-05-13,四",0.0162 ,2507751 ,4934955000 ,0.2,18949 ,,,,
"2021-05-14,五",0.0276 ,3561129 ,7150302000 ,0.28,26047 ,,,,
"2021-05-17,一",0.0299 ,4452400 ,9178510000 ,0.35,32010 ,,,,
"2021-05-18,二",0.0155 ,1750428 ,3595891700 ,0.14,13168 ,,,,
"2021-05-19,三",0.0169 ,2240972 ,4606452400 ,0.18,15730 ,,,,
"2021-05-20,四",0.0140 ,2185716 ,4500663200 ,0.17,16488 ,,,,
"2021-05-21,五",0.0208 ,2424823 ,4976601500 ,0.19,18175 ,,,,
"2021-05-24,一",0.0240 ,3254808 ,6705879400 ,0.26,21929 ,,,,
"2021-05-25,二",0.0556 ,6775695 ,14636719000 ,0.54,46552 ,,,,
"2021-05-26,三",0.0222 ,3860420 ,8558038200 ,0.31,25243 ,,,,
"2021-05-27,四",0.0536 ,4537338 ,10240369000 ,0.36,28503 ,,,,
"2021-05-28,五",0.0198 ,2580731 ,5741332000 ,0.21,17820 ,,,,
"2021-05-31,一",0.0208 ,3173900 ,6960864300 ,0.25,22926 ,,,,
"2021-06-01,二",0.0194 ,3061634 ,6832594500 ,0.24,21596 ,,,,
"2021-06-02,三",0.0249 ,2286277 ,5088908400 ,0.18,15881 ,,,,
"2021-06-03,四",0.0226 ,2345031 ,5242453000 ,0.19,16795 ,,,,
"2021-06-04,五",0.0333 ,3142219 ,7058715100 ,0.25,21562 ,,,,
"2021-06-07,一",0.0173 ,2546627 ,5756592700 ,0.2,17613 ,,,,
"2021-06-08,二",0.0523 ,4731363 ,10479943200 ,0.38,32591 ,,,,
"2021-06-09,三",0.0246 ,2550235 ,5591378800 ,0.2,18402 ,,,,
"2021-06-10,四",0.0279 ,2556663 ,5707338400 ,0.2,18458 ,,,,
"2021-06-11,五",0.0291 ,3397066 ,7513797000 ,0.27,21751 ,,,,
"2021-06-15,二",0.0279 ,2936130 ,6412821600 ,0.23,20089 ,,,,
"2021-06-16,三",0.0214 ,2759315 ,5978924500 ,0.22,19065 ,,,,
"2021-06-17,四",0.0202 ,2106753 ,4558702600 ,0.17,15349 ,,,,
"2021-06-18,五",0.0424 ,5402821 ,11329180800 ,0.43,34659 ,,,,
"2021-06-21,一",0.0238 ,3548826 ,7367986500 ,0.28,25322 ,,,,
"2021-06-22,二",0.0212 ,3322818 ,6900830600 ,0.26,24328 ,,,,
"2021-06-23,三",0.0235 ,3707901 ,7596735700 ,0.3,26053 ,,,,
"2021-06-24,四",0.0289 ,3147370 ,6452557100 ,0.25,22906 ,,,,
"2021-06-25,五",0.0321 ,3587543 ,7459680500 ,0.29,25659 ,,,,
"2021-06-28,一",0.0215 ,2745242 ,5750241200 ,0.22,19569 ,,,,
"2021-06-29,二",0.0304 ,3303063 ,6835635200 ,0.26,23140 ,,,,
"2021-06-30,三",0.0134 ,2191566 ,4511484200 ,0.17,15546 ,,,,
"2021-07-01,四",0.0381 ,3370124 ,6970730900 ,0.27,23614 ,,,,
"2021-07-02,五",0.0302 ,4627531 ,9388640200 ,0.37,35474 ,,,,
"2021-07-05,一",0.0173 ,3442095 ,6872797800 ,0.27,24977 ,,,,
"2021-07-06,二",0.0271 ,3528251 ,7015883100 ,0.28,25906 ,,,,
"2021-07-07,三",0.0148 ,2812212 ,5658210700 ,0.22,20497 ,,,,
"2021-07-08,四",0.0180 ,3551669 ,7027713800 ,0.28,26178 ,,,,
"2021-07-09,五",0.0206 ,3090790 ,6072341000 ,0.25,22773 ,,,,
"2021-07-12,一",0.0296 ,3901024 ,7658786200 ,0.31,27748 ,,,,
"2021-07-13,二",0.0207 ,2992471 ,5946287300 ,0.24,22756 ,,,,
"2021-07-14,三",0.0149 ,3077069 ,6011814900 ,0.24,22216 ,,,,
"2021-07-15,四",0.0318 ,4219005 ,8391506200 ,0.34,31724 ,,,,
"2021-07-16,五",0.0233 ,3540764 ,6958296900 ,0.28,28478 ,,,,
"2021-07-19,一",0.0230 ,3005234 ,5900348200 ,0.24,21822 ,,,,
"2021-07-20,二",0.0139 ,2347521 ,4639301000 ,0.19,16925 ,,,,
"2021-07-21,三",0.0222 ,2978013 ,5902656200 ,0.24,21954 ,,,,
"2021-07-22,四",0.0177 ,3909047 ,7619076900 ,0.31,29817 ,,,,
"2021-07-23,五",0.0220 ,4758547 ,9057761900 ,0.38,32342 ,,,,
"2021-07-26,一",0.0521 ,9861948 ,17894361000 ,0.79,64487 ,,,,
"2021-07-27,二",0.0593 ,8657699 ,15230806000 ,0.69,58760 ,,,,
"2021-07-28,三",0.0619 ,8536884 ,14792471000 ,0.68,57123 ,,,,
"2021-07-29,四",0.0501 ,6386385 ,11299569900 ,0.51,44602 ,,,,
"2021-07-30,五",0.0384 ,7773589 ,13109725000 ,0.62,54580 ,,,,
"2021-08-02,一",0.0806 ,9740065 ,16515259000 ,0.78,61592 ,,,,
"2021-08-03,二",0.0457 ,5437475 ,9447823200 ,0.43,36148 ,,,,
"2021-08-04,三",0.0240 ,3817549 ,6614683400 ,0.3,26124 ,,,,
"2021-08-05,四",0.0398 ,4805969 ,8177369900 ,0.38,33818 ,,,,
"2021-08-06,五",0.0279 ,4568610 ,7616109600 ,0.36,32155 ,,,,
"2021-08-09,一",0.0353 ,4769775 ,8028155500 ,0.38,33133 ,,,,
"2021-08-10,二",0.0755 ,8328505 ,14549496000 ,0.66,56178 ,,,,
"2021-08-11,三",0.0195 ,3866259 ,6821292800 ,0.31,28753 ,,,,
"2021-08-12,四",0.0359 ,4755097 ,8130692600 ,0.38,35277 ,,,,
"2021-08-13,五",0.0201 ,3790452 ,6418412500 ,0.3,27895 ,,,,
"2021-08-16,一",0.0168 ,2805697 ,4773049800 ,0.22,21298 ,,,,
"2021-08-17,二",0.0419 ,6120077 ,10140292000 ,0.49,42904 ,,,,
"2021-08-18,三",0.0263 ,5997026 ,9701556300 ,0.48,41324 ,,,,
"2021-08-19,四",0.0267 ,4129195 ,6682355700 ,0.33,30257 ,,,,
"2021-08-20,五",0.0445 ,11454454 ,17825198000 ,0.91,73361 ,,,,
"2021-08-23,一",0.0402 ,7159720 ,11218832900 ,0.57,46584 ,,,,
"2021-08-24,二",0.0489 ,7259447 ,11703813800 ,0.58,51557 ,,,,
"2021-08-25,三",0.0233 ,5423890 ,9037626400 ,0.43,37792 ,,,,
"2021-08-26,四",0.0422 ,5402037 ,8722233200 ,0.43,38318 ,,,,
"2021-08-27,五",0.0256 ,3609545 ,5791426200 ,0.29,24310 ,,,,
"2021-08-30,一",0.0420 ,5158770 ,8098190300 ,0.41,34758 ,,,,
"2021-08-31,二",0.0386 ,4367709 ,6888080900 ,0.35,32525 ,,,,
"2021-09-01,三",0.0667 ,7731610 ,12370243400 ,0.62,53600 ,,,,
"2021-09-02,四",0.0260 ,4283679 ,6939707300 ,0.34,30327 ,,,,
"2021-09-03,五",0.0481 ,5283518 ,8631165700 ,0.42,36407 ,,,,
"2021-09-06,一",0.0495 ,5533806 ,9306030700 ,0.44,38673 ,,,,
"2021-09-07,二",0.0200 ,3121122 ,5204051700 ,0.25,22560 ,,,,
"2021-09-08,三",0.0258 ,3306367 ,5428265600 ,0.26,23957 ,,,,
"2021-09-09,四",0.0129 ,1995013 ,3257785800 ,0.16,15570 ,,,,
"2021-09-10,五",0.0219 ,3338811 ,5528034100 ,0.27,24496 ,,,,
"2021-09-13,一",0.0264 ,2772002 ,4605031700 ,0.22,20162 ,,,,
"2021-09-14,二",0.0181 ,3376061 ,5638962700 ,0.27,24209 ,,,,
"2021-09-15,三",0.0302 ,4157005 ,6781755400 ,0.33,30579 ,,,,
"2021-09-16,四",0.0365 ,4596802 ,7458455100 ,0.37,33577 ,,,,
"2021-09-17,五",0.0523 ,5513025 ,9242101600 ,0.44,39776 ,,,,
"2021-09-22,三",0.0314 ,3174300 ,5227723000 ,0.25,23455 ,,,,
"2021-09-23,四",0.0188 ,3034181 ,4964210100 ,0.24,23821 ,,,,
"2021-09-24,五",0.0563 ,6953660 ,11756596100 ,0.55,47738 ,,,,
"2021-09-27,一",0.0669 ,12686892 ,23270690000 ,1.01,73056 ,,,,
"2021-09-28,二",0.0350 ,4922105 ,8973408800 ,0.39,33370 ,,,,
"2021-09-29,三",0.0324 ,4329065 ,7870151800 ,0.34,29934 ,,,,
"2021-09-30,四",0.0257 ,4053929 ,7411735800 ,0.32,28215 ,,,,
"2021-10-08,五",0.0387 ,4745196 ,8780381100 ,0.38,32474 ,,,,
"2021-10-11,一",0.0320 ,3767557 ,7040475300 ,0.3,25925 ,,,,
"2021-10-12,二",0.0185 ,3060642 ,5688160800 ,0.24,21380 ,,,,
"2021-10-13,三",0.0470 ,5014261 ,9625769100 ,0.4,34044 ,,,,
"2021-10-14,四",0.0237 ,2662255 ,5097602200 ,0.21,18618 ,,,,
"2021-10-15,五",0.0209 ,2856078 ,5452953900 ,0.23,20981 ,,,,
"2021-10-18,一",0.0527 ,6965202 ,12651498600 ,0.55,47015 ,,,,
"2021-10-19,二",0.0216 ,4031456 ,7330114100 ,0.32,28954 ,,,,
"2021-10-20,三",0.0242 ,2866339 ,5246404600 ,0.23,20404 ,,,,
"2021-10-21,四",0.0168 ,2301870 ,4238584300 ,0.18,15605 ,,,,
"2021-10-22,五",0.0363 ,3596260 ,6794850100 ,0.29,25015 ,,,,
"2021-10-25,一",0.0142 ,3246133 ,6076219900 ,0.26,22756 ,,,,
"2021-10-26,二",0.0187 ,2113026 ,3934223700 ,0.17,15001 ,,,,
"2021-10-27,三",0.0313 ,3464729 ,6302270900 ,0.28,23902 ,,,,
"2021-10-28,四",0.0230 ,2949093 ,5383196100 ,0.23,21366 ,,,,
"2021-10-29,五",0.0192 ,2877586 ,5266899000 ,0.23,20617 ,,,,
"2021-11-01,一",0.0363 ,4168998 ,7486936400 ,0.33,27964 ,,,,
"2021-11-02,二",0.0312 ,3250024 ,5875341400 ,0.26,22909 ,,,,
"2021-11-03,三",0.0270 ,2782931 ,4958314500 ,0.22,20445 ,,,,
"2021-11-04,四",0.0264 ,3113043 ,5592211700 ,0.25,22370 ,,,,
"2021-11-05,五",0.0226 ,2707723 ,4956331400 ,0.22,20988 ,,,,
"2021-11-08,一",0.0158 ,1770572 ,3220439300 ,0.14,13295 ,,,,
"2021-11-09,二",0.0252 ,2735192 ,4915170000 ,0.22,19736 ,,,,
"2021-11-10,三",0.0335 ,3534877 ,6204803300 ,0.28,27953 ,,,,
"2021-11-11,四",0.0160 ,2265187 ,3987243300 ,0.18,16468 ,,,,
"2021-11-12,五",0.0104 ,1760663 ,3124401000 ,0.14,13404 ,,,,
"2021-11-15,一",0.0192 ,2494735 ,4410975400 ,0.2,19170 ,,,,
"2021-11-16,二",0.0301 ,3352624 ,6033536300 ,0.27,24306 ,,,,
"2021-11-17,三",0.0169 ,2450546 ,4411450900 ,0.2,19614 ,,,,
"2021-11-18,四",0.0206 ,1952089 ,3485675000 ,0.16,14270 ,,,,
"2021-11-19,五",0.0339 ,3115559 ,5699883800 ,0.25,22766 ,,,,
"2021-11-22,一",0.0334 ,4257268 ,7994018400 ,0.34,29471 ,,,,
"2021-11-23,二",0.0351 ,4578220 ,8676297600 ,0.36,30702 ,,,,
